"source","Accession"
"GISAID","EPI_ISL_13052263"
"GISAID","EPI_ISL_13052264"
"GISAID","EPI_ISL_13052265"
"GISAID","EPI_ISL_13052266"
"GISAID","EPI_ISL_13052267"
"GISAID","EPI_ISL_13052268"
"GISAID","EPI_ISL_13052269"
"GISAID","EPI_ISL_13052270"
"GISAID","EPI_ISL_13052271"
"GISAID","EPI_ISL_13052272"
"GISAID","EPI_ISL_13052273"
"GISAID","EPI_ISL_13052274"
"GISAID","EPI_ISL_13052275"
"GISAID","EPI_ISL_13052277"
"GISAID","EPI_ISL_13052278"
"GISAID","EPI_ISL_13052279"
"GISAID","EPI_ISL_13052280"
"GISAID","EPI_ISL_13052281"
"GISAID","EPI_ISL_13052282"
"GISAID","EPI_ISL_13052283"
"GISAID","EPI_ISL_13052284"
"GISAID","EPI_ISL_13052285"
"GISAID","EPI_ISL_13052286"
"GISAID","EPI_ISL_13052287"
"GISAID","EPI_ISL_13052288"
"GISAID","EPI_ISL_13052290"
"GISAID","EPI_ISL_13052291"
"GISAID","EPI_ISL_13052292"
"GISAID","EPI_ISL_13052293"
"GISAID","EPI_ISL_13052294"
"GISAID","EPI_ISL_13052295"
"GISAID","EPI_ISL_13053218"
"GISAID","EPI_ISL_13056233"
"GISAID","EPI_ISL_13056234"
"GISAID","EPI_ISL_13056235"
"GISAID","EPI_ISL_13056236"
"GISAID","EPI_ISL_13056237"
"GISAID","EPI_ISL_13056238"
"GISAID","EPI_ISL_13056239"
"GISAID","EPI_ISL_13056240"
"GISAID","EPI_ISL_13056241"
"GISAID","EPI_ISL_13056242"
"GISAID","EPI_ISL_13056243"
"GISAID","EPI_ISL_13056244"
"GISAID","EPI_ISL_13056245"
"GISAID","EPI_ISL_13056246"
"GISAID","EPI_ISL_13056247"
"GISAID","EPI_ISL_13056248"
"GISAID","EPI_ISL_13056249"
"GISAID","EPI_ISL_13056250"
"GISAID","EPI_ISL_13056251"
"GISAID","EPI_ISL_13056252"
"GISAID","EPI_ISL_13056253"
"GISAID","EPI_ISL_13056254"
"GISAID","EPI_ISL_13056255"
"GISAID","EPI_ISL_13056271"
"GISAID","EPI_ISL_13056272"
"GISAID","EPI_ISL_13056273"
"GISAID","EPI_ISL_13056274"
"GISAID","EPI_ISL_13056275"
"GISAID","EPI_ISL_13056276"
"GISAID","EPI_ISL_13056277"
"GISAID","EPI_ISL_13056278"
"GISAID","EPI_ISL_13056279"
"GISAID","EPI_ISL_13056280"
"GISAID","EPI_ISL_13056281"
"GISAID","EPI_ISL_13056282"
"GISAID","EPI_ISL_13056283"
"GISAID","EPI_ISL_13056284"
"GISAID","EPI_ISL_13056285"
"GISAID","EPI_ISL_13056289"
"GISAID","EPI_ISL_13056892"
"GISAID","EPI_ISL_13056893"
"GISAID","EPI_ISL_13056894"
"GISAID","EPI_ISL_13056895"
"GISAID","EPI_ISL_13056896"
"GISAID","EPI_ISL_13056897"
"GISAID","EPI_ISL_13056898"
"GISAID","EPI_ISL_13056899"
"GISAID","EPI_ISL_13056900"
"GISAID","EPI_ISL_13056901"
"GISAID","EPI_ISL_13056902"
"GISAID","EPI_ISL_13056903"
"GISAID","EPI_ISL_13056904"
"GISAID","EPI_ISL_13056905"
"GISAID","EPI_ISL_13056906"
"GISAID","EPI_ISL_13056907"
"GISAID","EPI_ISL_13056908"
"GISAID","EPI_ISL_13056909"
"GISAID","EPI_ISL_13056910"
"GISAID","EPI_ISL_13058404"
"GISAID","EPI_ISL_13058405"
"GISAID","EPI_ISL_13058456"
"GISAID","EPI_ISL_13058459"
"GISAID","EPI_ISL_13058460"
"GISAID","EPI_ISL_13058475"
"GISAID","EPI_ISL_13089461"
"GISAID","EPI_ISL_13094227"
"GISAID","EPI_ISL_13096615"
"GISAID","EPI_ISL_13100618"
"GISAID","EPI_ISL_13100619"
"GISAID","EPI_ISL_13100620"
"GISAID","EPI_ISL_13100621"
"GISAID","EPI_ISL_13100622"
"GISAID","EPI_ISL_13100719"
"GISAID","EPI_ISL_13106454"
"GISAID","EPI_ISL_13117291"
"GISAID","EPI_ISL_13117292"
"GISAID","EPI_ISL_13117293"
"GISAID","EPI_ISL_13117294"
"GISAID","EPI_ISL_13117295"
"GISAID","EPI_ISL_13117296"
"GISAID","EPI_ISL_13117297"
"GISAID","EPI_ISL_13117298"
"GISAID","EPI_ISL_13148263"
"GISAID","EPI_ISL_13148264"
"GISAID","EPI_ISL_13148265"
"GISAID","EPI_ISL_13148266"
"GISAID","EPI_ISL_13148267"
"GISAID","EPI_ISL_13148268"
"GISAID","EPI_ISL_13148269"
"GISAID","EPI_ISL_13148270"
"GISAID","EPI_ISL_13148271"
"GISAID","EPI_ISL_13148272"
"GISAID","EPI_ISL_13148273"
"GISAID","EPI_ISL_13148274"
"GISAID","EPI_ISL_13148275"
"GISAID","EPI_ISL_13148276"
"GISAID","EPI_ISL_13191438"
"GISAID","EPI_ISL_13194516"
"GISAID","EPI_ISL_13234112"
"GISAID","EPI_ISL_13242738"
"GISAID","EPI_ISL_13244349"
"GISAID","EPI_ISL_13251120"
"GISAID","EPI_ISL_13251157"
"GISAID","EPI_ISL_13251584"
"GISAID","EPI_ISL_13251723"
"GISAID","EPI_ISL_13269478"
"GISAID","EPI_ISL_13270980"
"GISAID","EPI_ISL_13302316"
"GISAID","EPI_ISL_13304977"
"GISAID","EPI_ISL_13308117"
"GISAID","EPI_ISL_13308118"
"GISAID","EPI_ISL_13308119"
"GISAID","EPI_ISL_13308121"
"GISAID","EPI_ISL_13308122"
"GISAID","EPI_ISL_13308124"
"GISAID","EPI_ISL_13308125"
"GISAID","EPI_ISL_13308127"
"GISAID","EPI_ISL_13308129"
"GISAID","EPI_ISL_13308131"
"GISAID","EPI_ISL_13308133"
"GISAID","EPI_ISL_13308135"
"GISAID","EPI_ISL_13308137"
"GISAID","EPI_ISL_13308139"
"GISAID","EPI_ISL_13308140"
"GISAID","EPI_ISL_13308142"
"GISAID","EPI_ISL_13308144"
"GISAID","EPI_ISL_13308145"
"GISAID","EPI_ISL_13308146"
"GISAID","EPI_ISL_13308147"
"GISAID","EPI_ISL_13308148"
"GISAID","EPI_ISL_13308150"
"GISAID","EPI_ISL_13308151"
"GISAID","EPI_ISL_13308153"
"GISAID","EPI_ISL_13308155"
"GISAID","EPI_ISL_13308157"
"GISAID","EPI_ISL_13308158"
"GISAID","EPI_ISL_13308160"
"GISAID","EPI_ISL_13308162"
"GISAID","EPI_ISL_13308163"
"GISAID","EPI_ISL_13308165"
"GISAID","EPI_ISL_13308167"
"GISAID","EPI_ISL_13314740"
"GISAID","EPI_ISL_13331598"
"GISAID","EPI_ISL_13331712"
"GISAID","EPI_ISL_13331713"
"GISAID","EPI_ISL_13331714"
"GISAID","EPI_ISL_13331715"
"GISAID","EPI_ISL_13331717"
"GISAID","EPI_ISL_13338028"
"GISAID","EPI_ISL_13339105"
"GISAID","EPI_ISL_13342823"
"GISAID","EPI_ISL_13343634"
"GISAID","EPI_ISL_13343697"
"GISAID","EPI_ISL_13343718"
"GISAID","EPI_ISL_13351002"
"GISAID","EPI_ISL_13362760"
"GISAID","EPI_ISL_13362764"
"GISAID","EPI_ISL_13363142"
"GISAID","EPI_ISL_13374487"
"GISAID","EPI_ISL_13408799"
"GISAID","EPI_ISL_13408801"
"GISAID","EPI_ISL_13408803"
"GISAID","EPI_ISL_13408805"
"GISAID","EPI_ISL_13408807"
"GISAID","EPI_ISL_13408809"
"GISAID","EPI_ISL_13408811"
"GISAID","EPI_ISL_13408813"
"GISAID","EPI_ISL_13408815"
"GISAID","EPI_ISL_13408817"
"GISAID","EPI_ISL_13408819"
"GISAID","EPI_ISL_13408821"
"GISAID","EPI_ISL_13408823"
"GISAID","EPI_ISL_13408825"
"GISAID","EPI_ISL_13408827"
"GISAID","EPI_ISL_13408829"
"GISAID","EPI_ISL_13408831"
"GISAID","EPI_ISL_13408833"
"GISAID","EPI_ISL_13408835"
"GISAID","EPI_ISL_13408837"
"GISAID","EPI_ISL_13408839"
"GISAID","EPI_ISL_13408841"
"GISAID","EPI_ISL_13408843"
"GISAID","EPI_ISL_13408845"
"GISAID","EPI_ISL_13408847"
"GISAID","EPI_ISL_13408849"
"GISAID","EPI_ISL_13408851"
"GISAID","EPI_ISL_13408853"
"GISAID","EPI_ISL_13408855"
"GISAID","EPI_ISL_13408857"
"GISAID","EPI_ISL_13408859"
"GISAID","EPI_ISL_13408861"
"GISAID","EPI_ISL_13409177"
"GISAID","EPI_ISL_13409178"
"GISAID","EPI_ISL_13409179"
"GISAID","EPI_ISL_13409180"
"GISAID","EPI_ISL_13409181"
"GISAID","EPI_ISL_13411153"
"GISAID","EPI_ISL_13411154"
"GISAID","EPI_ISL_13411155"
"GISAID","EPI_ISL_13411156"
"GISAID","EPI_ISL_13411157"
"GISAID","EPI_ISL_13411158"
"GISAID","EPI_ISL_13411159"
"GISAID","EPI_ISL_13411160"
"GISAID","EPI_ISL_13411161"
"GISAID","EPI_ISL_13411162"
"GISAID","EPI_ISL_13411163"
"GISAID","EPI_ISL_13411164"
"GISAID","EPI_ISL_13411165"
"GISAID","EPI_ISL_13411166"
"GISAID","EPI_ISL_13411167"
"GISAID","EPI_ISL_13411168"
"GISAID","EPI_ISL_13436658"
"GISAID","EPI_ISL_13436792"
"GISAID","EPI_ISL_13437056"
"GISAID","EPI_ISL_13445553"
"GISAID","EPI_ISL_13449965"
"GISAID","EPI_ISL_13449966"
"GISAID","EPI_ISL_13459346"
"GISAID","EPI_ISL_13459347"
"GISAID","EPI_ISL_13459482"
"GISAID","EPI_ISL_13459483"
"GISAID","EPI_ISL_13466446"
"GISAID","EPI_ISL_13466447"
"GISAID","EPI_ISL_13466448"
"GISAID","EPI_ISL_13466449"
"GISAID","EPI_ISL_13466450"
"GISAID","EPI_ISL_13466451"
"GISAID","EPI_ISL_13466452"
"GISAID","EPI_ISL_13466453"
"GISAID","EPI_ISL_13466454"
"GISAID","EPI_ISL_13466455"
"GISAID","EPI_ISL_13466456"
"GISAID","EPI_ISL_13466457"
"GISAID","EPI_ISL_13466458"
"GISAID","EPI_ISL_13466459"
"GISAID","EPI_ISL_13466460"
"GISAID","EPI_ISL_13466461"
"GISAID","EPI_ISL_13466462"
"GISAID","EPI_ISL_13466463"
"GISAID","EPI_ISL_13466464"
"GISAID","EPI_ISL_13466465"
"GISAID","EPI_ISL_13472250"
"GISAID","EPI_ISL_13483155"
"GISAID","EPI_ISL_13483157"
"GISAID","EPI_ISL_13483159"
"GISAID","EPI_ISL_13483161"
"GISAID","EPI_ISL_13483162"
"GISAID","EPI_ISL_13483163"
"GISAID","EPI_ISL_13483164"
"GISAID","EPI_ISL_13483165"
"GISAID","EPI_ISL_13483167"
"GISAID","EPI_ISL_13483168"
"GISAID","EPI_ISL_13483170"
"GISAID","EPI_ISL_13483171"
"GISAID","EPI_ISL_13483173"
"GISAID","EPI_ISL_13483175"
"GISAID","EPI_ISL_13483177"
"GISAID","EPI_ISL_13483178"
"GISAID","EPI_ISL_13483180"
"GISAID","EPI_ISL_13483182"
"GISAID","EPI_ISL_13483183"
"GISAID","EPI_ISL_13483185"
"GISAID","EPI_ISL_13483187"
"GISAID","EPI_ISL_13483188"
"GISAID","EPI_ISL_13483190"
"GISAID","EPI_ISL_13483191"
"GISAID","EPI_ISL_13483193"
"GISAID","EPI_ISL_13483195"
"GISAID","EPI_ISL_13483196"
"GISAID","EPI_ISL_13483198"
"GISAID","EPI_ISL_13483200"
"GISAID","EPI_ISL_13483201"
"GISAID","EPI_ISL_13483203"
"GISAID","EPI_ISL_13483205"
"GISAID","EPI_ISL_13483206"
"GISAID","EPI_ISL_13483208"
"GISAID","EPI_ISL_13483780"
"GISAID","EPI_ISL_13484458"
"GISAID","EPI_ISL_13498265"
"GISAID","EPI_ISL_13499566"
"GISAID","EPI_ISL_13502582"
"GISAID","EPI_ISL_13508393"
"GISAID","EPI_ISL_13508471"
"GISAID","EPI_ISL_13511312"
"GISAID","EPI_ISL_13530881"
"GISAID","EPI_ISL_13537922"
"GISAID","EPI_ISL_13537923"
"GISAID","EPI_ISL_13537924"
"GISAID","EPI_ISL_13537925"
"GISAID","EPI_ISL_13537926"
"GISAID","EPI_ISL_13544223"
"GISAID","EPI_ISL_13544224"
"GISAID","EPI_ISL_13544225"
"GISAID","EPI_ISL_13544226"
"GISAID","EPI_ISL_13544227"
"GISAID","EPI_ISL_13544228"
"GISAID","EPI_ISL_13544229"
"GISAID","EPI_ISL_13544230"
"GISAID","EPI_ISL_13544231"
"GISAID","EPI_ISL_13544232"
"GISAID","EPI_ISL_13544233"
"GISAID","EPI_ISL_13544234"
"GISAID","EPI_ISL_13544235"
"GISAID","EPI_ISL_13544236"
"GISAID","EPI_ISL_13544237"
"GISAID","EPI_ISL_13544238"
"GISAID","EPI_ISL_13544239"
"GISAID","EPI_ISL_13544240"
"GISAID","EPI_ISL_13544241"
"GISAID","EPI_ISL_13544242"
"GISAID","EPI_ISL_13544243"
"GISAID","EPI_ISL_13544244"
"GISAID","EPI_ISL_13544245"
"GISAID","EPI_ISL_13544246"
"GISAID","EPI_ISL_13544247"
"GISAID","EPI_ISL_13544248"
"GISAID","EPI_ISL_13544249"
"GISAID","EPI_ISL_13544250"
"GISAID","EPI_ISL_13544251"
"GISAID","EPI_ISL_13544252"
"GISAID","EPI_ISL_13544253"
"GISAID","EPI_ISL_13544254"
"GISAID","EPI_ISL_13544255"
"GISAID","EPI_ISL_13544256"
"GISAID","EPI_ISL_13544257"
"GISAID","EPI_ISL_13544258"
"GISAID","EPI_ISL_13544259"
"GISAID","EPI_ISL_13544260"
"GISAID","EPI_ISL_13544261"
"GISAID","EPI_ISL_13544262"
"GISAID","EPI_ISL_13544263"
"GISAID","EPI_ISL_13544264"
"GISAID","EPI_ISL_13544265"
"GISAID","EPI_ISL_13544266"
"GISAID","EPI_ISL_13544267"
"GISAID","EPI_ISL_13573943"
"GISAID","EPI_ISL_13584854"
"GISAID","EPI_ISL_13586184"
"GISAID","EPI_ISL_13607904"
"GISAID","EPI_ISL_13624509"
"GISAID","EPI_ISL_13632068"
"GISAID","EPI_ISL_13632071"
"GISAID","EPI_ISL_13632288"
"GISAID","EPI_ISL_13651348"
"GISAID","EPI_ISL_13651349"
"GISAID","EPI_ISL_13651350"
"GISAID","EPI_ISL_13658019"
"GISAID","EPI_ISL_13658021"
"GISAID","EPI_ISL_13660191"
"GISAID","EPI_ISL_13705358"
"GISAID","EPI_ISL_13705407"
"GISAID","EPI_ISL_13717674"
"GISAID","EPI_ISL_13728303"
"GISAID","EPI_ISL_13732932"
"GISAID","EPI_ISL_13734233"
"GISAID","EPI_ISL_13734237"
"GISAID","EPI_ISL_13734238"
"GISAID","EPI_ISL_13734239"
"GISAID","EPI_ISL_13734240"
"GISAID","EPI_ISL_13734241"
"GISAID","EPI_ISL_13734242"
"GISAID","EPI_ISL_13734243"
"GISAID","EPI_ISL_13734244"
"GISAID","EPI_ISL_13734245"
"GISAID","EPI_ISL_13734246"
"GISAID","EPI_ISL_13734247"
"GISAID","EPI_ISL_13734248"
"GISAID","EPI_ISL_13734249"
"GISAID","EPI_ISL_13734250"
"GISAID","EPI_ISL_13734251"
"GISAID","EPI_ISL_13734252"
"GISAID","EPI_ISL_13734253"
"GISAID","EPI_ISL_13734254"
"GISAID","EPI_ISL_13734255"
"GISAID","EPI_ISL_13734256"
"GISAID","EPI_ISL_13734257"
"GISAID","EPI_ISL_13734258"
"GISAID","EPI_ISL_13734259"
"GISAID","EPI_ISL_13734260"
"GISAID","EPI_ISL_13734261"
"GISAID","EPI_ISL_13734262"
"GISAID","EPI_ISL_13734263"
"GISAID","EPI_ISL_13734264"
"GISAID","EPI_ISL_13734265"
"GISAID","EPI_ISL_13734266"
"GISAID","EPI_ISL_13734267"
"GISAID","EPI_ISL_13734268"
"GISAID","EPI_ISL_13734269"
"GISAID","EPI_ISL_13734270"
"GISAID","EPI_ISL_13744896"
"GISAID","EPI_ISL_13744897"
"GISAID","EPI_ISL_13744898"
"GISAID","EPI_ISL_13744899"
"GISAID","EPI_ISL_13744900"
"GISAID","EPI_ISL_13744901"
"GISAID","EPI_ISL_13744902"
"GISAID","EPI_ISL_13744903"
"GISAID","EPI_ISL_13744904"
"GISAID","EPI_ISL_13744905"
"GISAID","EPI_ISL_13744906"
"GISAID","EPI_ISL_13744907"
"GISAID","EPI_ISL_13744908"
"GISAID","EPI_ISL_13744909"
"GISAID","EPI_ISL_13744910"
"GISAID","EPI_ISL_13744911"
"GISAID","EPI_ISL_13744912"
"GISAID","EPI_ISL_13744913"
"GISAID","EPI_ISL_13744914"
"GISAID","EPI_ISL_13744915"
"GISAID","EPI_ISL_13744916"
"GISAID","EPI_ISL_13744917"
"GISAID","EPI_ISL_13744918"
"GISAID","EPI_ISL_13744919"
"GISAID","EPI_ISL_13744920"
"GISAID","EPI_ISL_13744921"
"GISAID","EPI_ISL_13744922"
"GISAID","EPI_ISL_13744923"
"GISAID","EPI_ISL_13744924"
"GISAID","EPI_ISL_13744925"
"GISAID","EPI_ISL_13744926"
"GISAID","EPI_ISL_13744927"
"GISAID","EPI_ISL_13744928"
"GISAID","EPI_ISL_13744929"
"GISAID","EPI_ISL_13744930"
"GISAID","EPI_ISL_13744931"
"GISAID","EPI_ISL_13822667"
"GISAID","EPI_ISL_13822668"
"GISAID","EPI_ISL_13822669"
"GISAID","EPI_ISL_13822718"
"GISAID","EPI_ISL_13827273"
"GISAID","EPI_ISL_13827274"
"GISAID","EPI_ISL_13827275"
"GISAID","EPI_ISL_13827277"
"GISAID","EPI_ISL_13827278"
"GISAID","EPI_ISL_13827279"
"GISAID","EPI_ISL_13827280"
"GISAID","EPI_ISL_13827281"
"GISAID","EPI_ISL_13827282"
"GISAID","EPI_ISL_13833194"
"GISAID","EPI_ISL_13833195"
"GISAID","EPI_ISL_13833196"
"GISAID","EPI_ISL_13833197"
"GISAID","EPI_ISL_13842269"
"GISAID","EPI_ISL_13842548"
"GISAID","EPI_ISL_13889435"
"GISAID","EPI_ISL_13889436"
"GISAID","EPI_ISL_13889437"
"GISAID","EPI_ISL_13889438"
"GISAID","EPI_ISL_13889439"
"GISAID","EPI_ISL_13889440"
"GISAID","EPI_ISL_13889441"
"GISAID","EPI_ISL_13889442"
"GISAID","EPI_ISL_13889443"
"GISAID","EPI_ISL_13889444"
"GISAID","EPI_ISL_13889445"
"GISAID","EPI_ISL_13889446"
"GISAID","EPI_ISL_13889447"
"GISAID","EPI_ISL_13889448"
"GISAID","EPI_ISL_13889449"
"GISAID","EPI_ISL_13889450"
"GISAID","EPI_ISL_13889515"
"GISAID","EPI_ISL_13889590"
"GISAID","EPI_ISL_13889660"
"GISAID","EPI_ISL_13889729"
"GISAID","EPI_ISL_13889796"
"GISAID","EPI_ISL_13889908"
"GISAID","EPI_ISL_13889977"
"GISAID","EPI_ISL_13890048"
"GISAID","EPI_ISL_13890135"
"GISAID","EPI_ISL_13890204"
"GISAID","EPI_ISL_13890273"
"GISAID","EPI_ISL_13890338"
"GISAID","EPI_ISL_13890408"
"GISAID","EPI_ISL_13890464"
"GISAID","EPI_ISL_13890465"
"GISAID","EPI_ISL_13890466"
"GISAID","EPI_ISL_13890467"
"GISAID","EPI_ISL_13890468"
"GISAID","EPI_ISL_13890469"
"GISAID","EPI_ISL_13890470"
"GISAID","EPI_ISL_13890471"
"GISAID","EPI_ISL_13890472"
"GISAID","EPI_ISL_13890473"
"GISAID","EPI_ISL_13890474"
"GISAID","EPI_ISL_13890475"
"GISAID","EPI_ISL_13890476"
"GISAID","EPI_ISL_13890477"
"GISAID","EPI_ISL_13890478"
"GISAID","EPI_ISL_13890479"
"GISAID","EPI_ISL_13890480"
"GISAID","EPI_ISL_13890481"
"GISAID","EPI_ISL_13890482"
"GISAID","EPI_ISL_13891126"
"GISAID","EPI_ISL_13908328"
"GISAID","EPI_ISL_13908329"
"GISAID","EPI_ISL_13908330"
"GISAID","EPI_ISL_13908331"
"GISAID","EPI_ISL_13908332"
"GISAID","EPI_ISL_13908333"
"GISAID","EPI_ISL_13908334"
"GISAID","EPI_ISL_13908335"
"GISAID","EPI_ISL_13908336"
"GISAID","EPI_ISL_13908337"
"GISAID","EPI_ISL_13908338"
"GISAID","EPI_ISL_13908339"
"GISAID","EPI_ISL_13908340"
"GISAID","EPI_ISL_13908341"
"GISAID","EPI_ISL_13908342"
"GISAID","EPI_ISL_13908343"
"GISAID","EPI_ISL_13908344"
"GISAID","EPI_ISL_13908345"
"GISAID","EPI_ISL_13908346"
"GISAID","EPI_ISL_13908347"
"GISAID","EPI_ISL_13908348"
"GISAID","EPI_ISL_13908349"
"GISAID","EPI_ISL_13908350"
"GISAID","EPI_ISL_13908351"
"GISAID","EPI_ISL_13908352"
"GISAID","EPI_ISL_13908353"
"GISAID","EPI_ISL_13908354"
"GISAID","EPI_ISL_13908355"
"GISAID","EPI_ISL_13908356"
"GISAID","EPI_ISL_13908357"
"GISAID","EPI_ISL_13908358"
"GISAID","EPI_ISL_13908359"
"GISAID","EPI_ISL_13908360"
"GISAID","EPI_ISL_13908361"
"GISAID","EPI_ISL_13908362"
"GISAID","EPI_ISL_13908363"
"GISAID","EPI_ISL_13908364"
"GISAID","EPI_ISL_13908365"
"GISAID","EPI_ISL_13953610"
"GISAID","EPI_ISL_13953611"
"GISAID","EPI_ISL_13955501"
"GISAID","EPI_ISL_13958697"
"GISAID","EPI_ISL_13958698"
"GISAID","EPI_ISL_13983354"
"GISAID","EPI_ISL_13983355"
"GISAID","EPI_ISL_13983356"
"GISAID","EPI_ISL_13983888"
"GISAID","EPI_ISL_13993734"
"GISAID","EPI_ISL_13993735"
"GISAID","EPI_ISL_13993737"
"GISAID","EPI_ISL_13993738"
"GISAID","EPI_ISL_13993739"
"GISAID","EPI_ISL_14003930"
"GISAID","EPI_ISL_14011193"
"GISAID","EPI_ISL_14021725"
"GISAID","EPI_ISL_14033204"
"GISAID","EPI_ISL_14033205"
"GISAID","EPI_ISL_14033206"
"GISAID","EPI_ISL_14033207"
"GISAID","EPI_ISL_14033208"
"GISAID","EPI_ISL_14033209"
"GISAID","EPI_ISL_14033210"
"GISAID","EPI_ISL_14033211"
"GISAID","EPI_ISL_14033212"
"GISAID","EPI_ISL_14033213"
"GISAID","EPI_ISL_14049244"
"GISAID","EPI_ISL_14049245"
"GISAID","EPI_ISL_14050451"
"GISAID","EPI_ISL_14050452"
"GISAID","EPI_ISL_14050453"
"GISAID","EPI_ISL_14050454"
"GISAID","EPI_ISL_14050455"
"GISAID","EPI_ISL_14050456"
"GISAID","EPI_ISL_14050457"
"GISAID","EPI_ISL_14050458"
"GISAID","EPI_ISL_14070493"
"GISAID","EPI_ISL_14070852"
"GISAID","EPI_ISL_14070854"
"GISAID","EPI_ISL_14070855"
"GISAID","EPI_ISL_14153982"
"GISAID","EPI_ISL_14166709"
"GISAID","EPI_ISL_14167248"
"GISAID","EPI_ISL_14167573"
"GISAID","EPI_ISL_14167574"
"GISAID","EPI_ISL_14167575"
"GISAID","EPI_ISL_14170201"
"GISAID","EPI_ISL_14181948"
"GISAID","EPI_ISL_14181949"
"GISAID","EPI_ISL_14181950"
"GISAID","EPI_ISL_14181951"
"GISAID","EPI_ISL_14181952"
"GISAID","EPI_ISL_14181953"
"GISAID","EPI_ISL_14181954"
"GISAID","EPI_ISL_14181955"
"GISAID","EPI_ISL_14181956"
"GISAID","EPI_ISL_14181957"
"GISAID","EPI_ISL_14181958"
"GISAID","EPI_ISL_14181959"
"GISAID","EPI_ISL_14181960"
"GISAID","EPI_ISL_14189016"
"GISAID","EPI_ISL_14207724"
"GISAID","EPI_ISL_14207725"
"GISAID","EPI_ISL_14207726"
"GISAID","EPI_ISL_14207727"
"GISAID","EPI_ISL_14207728"
"GISAID","EPI_ISL_14207729"
"GISAID","EPI_ISL_14207730"
"GISAID","EPI_ISL_14207731"
"GISAID","EPI_ISL_14207732"
"GISAID","EPI_ISL_14207733"
"GISAID","EPI_ISL_14207734"
"GISAID","EPI_ISL_14207735"
"GISAID","EPI_ISL_14207736"
"GISAID","EPI_ISL_14207737"
"GISAID","EPI_ISL_14207738"
"GISAID","EPI_ISL_14207739"
"GISAID","EPI_ISL_14207740"
"GISAID","EPI_ISL_14207741"
"GISAID","EPI_ISL_14211644"
"GISAID","EPI_ISL_14211645"
"GISAID","EPI_ISL_14216746"
"GISAID","EPI_ISL_14216748"
"GISAID","EPI_ISL_14216750"
"GISAID","EPI_ISL_14216752"
"GISAID","EPI_ISL_14216753"
"GISAID","EPI_ISL_14216754"
"GISAID","EPI_ISL_14216755"
"GISAID","EPI_ISL_14216756"
"GISAID","EPI_ISL_14216757"
"GISAID","EPI_ISL_14216758"
"GISAID","EPI_ISL_14216759"
"GISAID","EPI_ISL_14216761"
"GISAID","EPI_ISL_14216762"
"GISAID","EPI_ISL_14216764"
"GISAID","EPI_ISL_14216767"
"GISAID","EPI_ISL_14216769"
"GISAID","EPI_ISL_14224334"
"GISAID","EPI_ISL_14244555"
"GISAID","EPI_ISL_14244556"
"GISAID","EPI_ISL_14244557"
"GISAID","EPI_ISL_14244558"
"GISAID","EPI_ISL_14244559"
"GISAID","EPI_ISL_14251112"
"GISAID","EPI_ISL_14254435"
"GISAID","EPI_ISL_14254436"
"GISAID","EPI_ISL_14254437"
"GISAID","EPI_ISL_14254438"
"GISAID","EPI_ISL_14295679"
"GISAID","EPI_ISL_14315314"
"GISAID","EPI_ISL_14315315"
"GISAID","EPI_ISL_14315316"
"GISAID","EPI_ISL_14315317"
"GISAID","EPI_ISL_14315318"
"GISAID","EPI_ISL_14315319"
"GISAID","EPI_ISL_14315320"
"GISAID","EPI_ISL_14315321"
"GISAID","EPI_ISL_14315322"
"GISAID","EPI_ISL_14315323"
"GISAID","EPI_ISL_14315324"
"GISAID","EPI_ISL_14326638"
"GISAID","EPI_ISL_14326639"
"GISAID","EPI_ISL_14326640"
"GISAID","EPI_ISL_14326641"
"GISAID","EPI_ISL_14326642"
"GISAID","EPI_ISL_14326643"
"GISAID","EPI_ISL_14326644"
"GISAID","EPI_ISL_14355206"
"GISAID","EPI_ISL_14355207"
"GISAID","EPI_ISL_14355208"
"GISAID","EPI_ISL_14355209"
"GISAID","EPI_ISL_14355210"
"GISAID","EPI_ISL_14355211"
"GISAID","EPI_ISL_14362272"
"GISAID","EPI_ISL_14362274"
"GISAID","EPI_ISL_14362276"
"GISAID","EPI_ISL_14362278"
"GISAID","EPI_ISL_14362280"
"GISAID","EPI_ISL_14362282"
"GISAID","EPI_ISL_14362285"
"GISAID","EPI_ISL_14362287"
"GISAID","EPI_ISL_14362289"
"GISAID","EPI_ISL_14394060"
"GISAID","EPI_ISL_14414948"
"GISAID","EPI_ISL_14415810"
"GISAID","EPI_ISL_14439712"
"GISAID","EPI_ISL_14439713"
"GISAID","EPI_ISL_14439714"
"GISAID","EPI_ISL_14439715"
"GISAID","EPI_ISL_14439716"
"GISAID","EPI_ISL_14439717"
"GISAID","EPI_ISL_14439718"
"GISAID","EPI_ISL_14439719"
"GISAID","EPI_ISL_14439720"
"GISAID","EPI_ISL_14439721"
"GISAID","EPI_ISL_14439722"
"GISAID","EPI_ISL_14439723"
"GISAID","EPI_ISL_14439724"
"GISAID","EPI_ISL_14439725"
"GISAID","EPI_ISL_14439726"
"GISAID","EPI_ISL_14439727"
"GISAID","EPI_ISL_14439728"
"GISAID","EPI_ISL_14439729"
"GISAID","EPI_ISL_14439730"
"GISAID","EPI_ISL_14439731"
"GISAID","EPI_ISL_14439732"
"GISAID","EPI_ISL_14439733"
"GISAID","EPI_ISL_14439734"
"GISAID","EPI_ISL_14439735"
"GISAID","EPI_ISL_14439736"
"GISAID","EPI_ISL_14439737"
"GISAID","EPI_ISL_14439738"
"GISAID","EPI_ISL_14439739"
"GISAID","EPI_ISL_14439740"
"GISAID","EPI_ISL_14439741"
"GISAID","EPI_ISL_14439742"
"GISAID","EPI_ISL_14439743"
"GISAID","EPI_ISL_14439744"
"GISAID","EPI_ISL_14439745"
"GISAID","EPI_ISL_14439746"
"GISAID","EPI_ISL_14439747"
"GISAID","EPI_ISL_14439748"
"GISAID","EPI_ISL_14439749"
"GISAID","EPI_ISL_14439750"
"GISAID","EPI_ISL_14439751"
"GISAID","EPI_ISL_14439752"
"GISAID","EPI_ISL_14439753"
"GISAID","EPI_ISL_14439754"
"GISAID","EPI_ISL_14439755"
"GISAID","EPI_ISL_14439756"
"GISAID","EPI_ISL_14439757"
"GISAID","EPI_ISL_14439758"
"GISAID","EPI_ISL_14439759"
"GISAID","EPI_ISL_14439760"
"GISAID","EPI_ISL_14439761"
"GISAID","EPI_ISL_14439762"
"GISAID","EPI_ISL_14439763"
"GISAID","EPI_ISL_14439764"
"GISAID","EPI_ISL_14439765"
"GISAID","EPI_ISL_14439766"
"GISAID","EPI_ISL_14439767"
"GISAID","EPI_ISL_14439768"
"GISAID","EPI_ISL_14439769"
"GISAID","EPI_ISL_14439770"
"GISAID","EPI_ISL_14439771"
"GISAID","EPI_ISL_14439772"
"GISAID","EPI_ISL_14439773"
"GISAID","EPI_ISL_14439774"
"GISAID","EPI_ISL_14439775"
"GISAID","EPI_ISL_14439776"
"GISAID","EPI_ISL_14439777"
"GISAID","EPI_ISL_14439778"
"GISAID","EPI_ISL_14439779"
"GISAID","EPI_ISL_14439780"
"GISAID","EPI_ISL_14439781"
"GISAID","EPI_ISL_14439782"
"GISAID","EPI_ISL_14439783"
"GISAID","EPI_ISL_14439784"
"GISAID","EPI_ISL_14439785"
"GISAID","EPI_ISL_14445098"
"GISAID","EPI_ISL_14445099"
"GISAID","EPI_ISL_14445100"
"GISAID","EPI_ISL_14445101"
"GISAID","EPI_ISL_14445102"
"GISAID","EPI_ISL_14445103"
"GISAID","EPI_ISL_14445104"
"GISAID","EPI_ISL_14445105"
"GISAID","EPI_ISL_14445106"
"GISAID","EPI_ISL_14445107"
"GISAID","EPI_ISL_14445108"
"GISAID","EPI_ISL_14445109"
"GISAID","EPI_ISL_14445110"
"GISAID","EPI_ISL_14445111"
"GISAID","EPI_ISL_14445112"
"GISAID","EPI_ISL_14445113"
"GISAID","EPI_ISL_14445114"
"GISAID","EPI_ISL_14445115"
"GISAID","EPI_ISL_14445116"
"GISAID","EPI_ISL_14445117"
"GISAID","EPI_ISL_14445118"
"GISAID","EPI_ISL_14445119"
"GISAID","EPI_ISL_14445120"
"GISAID","EPI_ISL_14445121"
"GISAID","EPI_ISL_14445122"
"GISAID","EPI_ISL_14445123"
"GISAID","EPI_ISL_14445124"
"GISAID","EPI_ISL_14445125"
"GISAID","EPI_ISL_14445126"
"GISAID","EPI_ISL_14445127"
"GISAID","EPI_ISL_14445128"
"GISAID","EPI_ISL_14445129"
"GISAID","EPI_ISL_14445130"
"GISAID","EPI_ISL_14445131"
"GISAID","EPI_ISL_14445132"
"GISAID","EPI_ISL_14445133"
"GISAID","EPI_ISL_14445134"
"GISAID","EPI_ISL_14445135"
"GISAID","EPI_ISL_14445136"
"GISAID","EPI_ISL_14445137"
"GISAID","EPI_ISL_14445138"
"GISAID","EPI_ISL_14445139"
"GISAID","EPI_ISL_14445140"
"GISAID","EPI_ISL_14445141"
"GISAID","EPI_ISL_14445142"
"GISAID","EPI_ISL_14445143"
"GISAID","EPI_ISL_14445144"
"GISAID","EPI_ISL_14445145"
"GISAID","EPI_ISL_14445146"
"GISAID","EPI_ISL_14445147"
"GISAID","EPI_ISL_14445148"
"GISAID","EPI_ISL_14445149"
"GISAID","EPI_ISL_14445150"
"GISAID","EPI_ISL_14445151"
"GISAID","EPI_ISL_14445152"
"GISAID","EPI_ISL_14445153"
"GISAID","EPI_ISL_14445154"
"GISAID","EPI_ISL_14445155"
"GISAID","EPI_ISL_14445156"
"GISAID","EPI_ISL_14445157"
"GISAID","EPI_ISL_14445158"
"GISAID","EPI_ISL_14445159"
"GISAID","EPI_ISL_14445160"
"GISAID","EPI_ISL_14445161"
"GISAID","EPI_ISL_14445162"
"GISAID","EPI_ISL_14445163"
"GISAID","EPI_ISL_14445164"
"GISAID","EPI_ISL_14445165"
"GISAID","EPI_ISL_14465517"
"GISAID","EPI_ISL_14467428"
"GISAID","EPI_ISL_14467429"
"GISAID","EPI_ISL_14487650"
"GISAID","EPI_ISL_14487651"
"GISAID","EPI_ISL_14487652"
"GISAID","EPI_ISL_14487653"
"GISAID","EPI_ISL_14487654"
"GISAID","EPI_ISL_14487655"
"GISAID","EPI_ISL_14487656"
"GISAID","EPI_ISL_14487657"
"GISAID","EPI_ISL_14487658"
"GISAID","EPI_ISL_14487659"
"GISAID","EPI_ISL_14487660"
"GISAID","EPI_ISL_14494949"
"GISAID","EPI_ISL_14515100"
"GISAID","EPI_ISL_14515101"
"GISAID","EPI_ISL_14515102"
"GISAID","EPI_ISL_14515103"
"GISAID","EPI_ISL_14515104"
"GISAID","EPI_ISL_14515105"
"GISAID","EPI_ISL_14515106"
"GISAID","EPI_ISL_14515107"
"GISAID","EPI_ISL_14515108"
"GISAID","EPI_ISL_14515109"
"GISAID","EPI_ISL_14515110"
"GISAID","EPI_ISL_14515111"
"GISAID","EPI_ISL_14515112"
"GISAID","EPI_ISL_14515113"
"GISAID","EPI_ISL_14515114"
"GISAID","EPI_ISL_14515115"
"GISAID","EPI_ISL_14515116"
"GISAID","EPI_ISL_14515117"
"GISAID","EPI_ISL_14515118"
"GISAID","EPI_ISL_14515119"
"GISAID","EPI_ISL_14515120"
"GISAID","EPI_ISL_14515121"
"GISAID","EPI_ISL_14515122"
"GISAID","EPI_ISL_14515123"
"GISAID","EPI_ISL_14515124"
"GISAID","EPI_ISL_14515125"
"GISAID","EPI_ISL_14515126"
"GISAID","EPI_ISL_14515127"
"GISAID","EPI_ISL_14515128"
"GISAID","EPI_ISL_14515129"
"GISAID","EPI_ISL_14515130"
"GISAID","EPI_ISL_14515131"
"GISAID","EPI_ISL_14515132"
"GISAID","EPI_ISL_14515133"
"GISAID","EPI_ISL_14515134"
"GISAID","EPI_ISL_14515135"
"GISAID","EPI_ISL_14515136"
"GISAID","EPI_ISL_14515137"
"GISAID","EPI_ISL_14515138"
"GISAID","EPI_ISL_14515139"
"GISAID","EPI_ISL_14515140"
"GISAID","EPI_ISL_14515141"
"GISAID","EPI_ISL_14515142"
"GISAID","EPI_ISL_14515143"
"GISAID","EPI_ISL_14515144"
"GISAID","EPI_ISL_14515145"
"GISAID","EPI_ISL_14515146"
"GISAID","EPI_ISL_14515147"
"GISAID","EPI_ISL_14515148"
"GISAID","EPI_ISL_14515149"
"GISAID","EPI_ISL_14515150"
"GISAID","EPI_ISL_14515151"
"GISAID","EPI_ISL_14515152"
"GISAID","EPI_ISL_14515153"
"GISAID","EPI_ISL_14515154"
"GISAID","EPI_ISL_14515155"
"GISAID","EPI_ISL_14515156"
"GISAID","EPI_ISL_14515157"
"GISAID","EPI_ISL_14515158"
"GISAID","EPI_ISL_14515159"
"GISAID","EPI_ISL_14515160"
"GISAID","EPI_ISL_14515161"
"GISAID","EPI_ISL_14515162"
"GISAID","EPI_ISL_14515163"
"GISAID","EPI_ISL_14515164"
"GISAID","EPI_ISL_14515165"
"GISAID","EPI_ISL_14515166"
"GISAID","EPI_ISL_14515167"
"GISAID","EPI_ISL_14515168"
"GISAID","EPI_ISL_14515169"
"GISAID","EPI_ISL_14515170"
"GISAID","EPI_ISL_14515171"
"GISAID","EPI_ISL_14515172"
"GISAID","EPI_ISL_14515173"
"GISAID","EPI_ISL_14515174"
"GISAID","EPI_ISL_14515177"
"GISAID","EPI_ISL_14515179"
"GISAID","EPI_ISL_14515182"
"GISAID","EPI_ISL_14515186"
"GISAID","EPI_ISL_14515187"
"GISAID","EPI_ISL_14515188"
"GISAID","EPI_ISL_14515193"
"GISAID","EPI_ISL_14515201"
"GISAID","EPI_ISL_14515202"
"GISAID","EPI_ISL_14515203"
"GISAID","EPI_ISL_14515207"
"GISAID","EPI_ISL_14515210"
"GISAID","EPI_ISL_14515213"
"GISAID","EPI_ISL_14515214"
"GISAID","EPI_ISL_14515219"
"GISAID","EPI_ISL_14515220"
"GISAID","EPI_ISL_14515223"
"GISAID","EPI_ISL_14526939"
"GISAID","EPI_ISL_14526940"
"GISAID","EPI_ISL_14526942"
"GISAID","EPI_ISL_14526943"
"GISAID","EPI_ISL_14526944"
"GISAID","EPI_ISL_14526945"
"GISAID","EPI_ISL_14526946"
"GISAID","EPI_ISL_14526948"
"GISAID","EPI_ISL_14526949"
"GISAID","EPI_ISL_14526950"
"GISAID","EPI_ISL_14526952"
"GISAID","EPI_ISL_14526953"
"GISAID","EPI_ISL_14526954"
"GISAID","EPI_ISL_14526955"
"GISAID","EPI_ISL_14526956"
"GISAID","EPI_ISL_14541645"
"GISAID","EPI_ISL_14541647"
"GISAID","EPI_ISL_14541649"
"GISAID","EPI_ISL_14541652"
"GISAID","EPI_ISL_14541654"
"GISAID","EPI_ISL_14561924"
"GISAID","EPI_ISL_14562478"
"GISAID","EPI_ISL_14562479"
"GISAID","EPI_ISL_14562480"
"GISAID","EPI_ISL_14562481"
"GISAID","EPI_ISL_14562482"
"GISAID","EPI_ISL_14562483"
"GISAID","EPI_ISL_14562484"
"GISAID","EPI_ISL_14562485"
"GISAID","EPI_ISL_14562486"
"GISAID","EPI_ISL_14562487"
"GISAID","EPI_ISL_14562488"
"GISAID","EPI_ISL_14562489"
"GISAID","EPI_ISL_14562490"
"GISAID","EPI_ISL_14562491"
"GISAID","EPI_ISL_14562492"
"GISAID","EPI_ISL_14562493"
"GISAID","EPI_ISL_14562494"
"GISAID","EPI_ISL_14562495"
"GISAID","EPI_ISL_14562496"
"GISAID","EPI_ISL_14562497"
"GISAID","EPI_ISL_14562498"
"GISAID","EPI_ISL_14562499"
"GISAID","EPI_ISL_14562500"
"GISAID","EPI_ISL_14562501"
"GISAID","EPI_ISL_14562502"
"GISAID","EPI_ISL_14562503"
"GISAID","EPI_ISL_14562504"
"GISAID","EPI_ISL_14562505"
"GISAID","EPI_ISL_14562506"
"GISAID","EPI_ISL_14562507"
"GISAID","EPI_ISL_14562508"
"GISAID","EPI_ISL_14562509"
"GISAID","EPI_ISL_14562510"
"GISAID","EPI_ISL_14562511"
"GISAID","EPI_ISL_14562512"
"GISAID","EPI_ISL_14571429"
"GISAID","EPI_ISL_14571433"
"GISAID","EPI_ISL_14571435"
"GISAID","EPI_ISL_14571439"
"GISAID","EPI_ISL_14571441"
"GISAID","EPI_ISL_14571442"
"GISAID","EPI_ISL_14571444"
"GISAID","EPI_ISL_14584274"
"GISAID","EPI_ISL_14584275"
"GISAID","EPI_ISL_14584276"
"GISAID","EPI_ISL_14584277"
"GISAID","EPI_ISL_14584278"
"GISAID","EPI_ISL_14584279"
"GISAID","EPI_ISL_14584280"
"GISAID","EPI_ISL_14584281"
"GISAID","EPI_ISL_14584282"
"GISAID","EPI_ISL_14584283"
"GISAID","EPI_ISL_14584284"
"GISAID","EPI_ISL_14584285"
"GISAID","EPI_ISL_14584286"
"GISAID","EPI_ISL_14584287"
"GISAID","EPI_ISL_14584288"
"GISAID","EPI_ISL_14584289"
"GISAID","EPI_ISL_14584290"
"GISAID","EPI_ISL_14584291"
"GISAID","EPI_ISL_14584292"
"GISAID","EPI_ISL_14584293"
"GISAID","EPI_ISL_14584294"
"GISAID","EPI_ISL_14584295"
"GISAID","EPI_ISL_14584296"
"GISAID","EPI_ISL_14584297"
"GISAID","EPI_ISL_14584298"
"GISAID","EPI_ISL_14584299"
"GISAID","EPI_ISL_14584300"
"GISAID","EPI_ISL_14584301"
"GISAID","EPI_ISL_14584302"
"GISAID","EPI_ISL_14584303"
"GISAID","EPI_ISL_14584304"
"GISAID","EPI_ISL_14584305"
"GISAID","EPI_ISL_14584306"
"GISAID","EPI_ISL_14584307"
"GISAID","EPI_ISL_14584308"
"GISAID","EPI_ISL_14584309"
"GISAID","EPI_ISL_14584310"
"GISAID","EPI_ISL_14584311"
"GISAID","EPI_ISL_14586688"
"GISAID","EPI_ISL_14587543"
"GISAID","EPI_ISL_14587544"
"GISAID","EPI_ISL_14587545"
"GISAID","EPI_ISL_14587546"
"GISAID","EPI_ISL_14587547"
"GISAID","EPI_ISL_14587548"
"GISAID","EPI_ISL_14587549"
"GISAID","EPI_ISL_14587550"
"GISAID","EPI_ISL_14587551"
"GISAID","EPI_ISL_14587552"
"GISAID","EPI_ISL_14587553"
"GISAID","EPI_ISL_14587554"
"GISAID","EPI_ISL_14587555"
"GISAID","EPI_ISL_14587556"
"GISAID","EPI_ISL_14587557"
"GISAID","EPI_ISL_14587558"
"GISAID","EPI_ISL_14594041"
"GISAID","EPI_ISL_14594042"
"GISAID","EPI_ISL_14594043"
"GISAID","EPI_ISL_14594044"
"GISAID","EPI_ISL_14594045"
"GISAID","EPI_ISL_14594046"
"GISAID","EPI_ISL_14594047"
"GISAID","EPI_ISL_14594048"
"GISAID","EPI_ISL_14594049"
"GISAID","EPI_ISL_14594050"
"GISAID","EPI_ISL_14594051"
"GISAID","EPI_ISL_14594052"
"GISAID","EPI_ISL_14594053"
"GISAID","EPI_ISL_14594054"
"GISAID","EPI_ISL_14594055"
"GISAID","EPI_ISL_14594056"
"GISAID","EPI_ISL_14594057"
"GISAID","EPI_ISL_14615579"
"GISAID","EPI_ISL_14621526"
"GISAID","EPI_ISL_14622055"
"GISAID","EPI_ISL_14622520"
"GISAID","EPI_ISL_14622705"
"GISAID","EPI_ISL_14622706"
"GISAID","EPI_ISL_14622707"
"GISAID","EPI_ISL_14622913"
"GISAID","EPI_ISL_14622953"
"GISAID","EPI_ISL_14622960"
"GISAID","EPI_ISL_14623175"
"GISAID","EPI_ISL_14623523"
"GISAID","EPI_ISL_14623704"
"GISAID","EPI_ISL_14624411"
"GISAID","EPI_ISL_14624610"
"GISAID","EPI_ISL_14624698"
"GISAID","EPI_ISL_14624832"
"GISAID","EPI_ISL_14624915"
"GISAID","EPI_ISL_14625156"
"GISAID","EPI_ISL_14625157"
"GISAID","EPI_ISL_14625190"
"GISAID","EPI_ISL_14625230"
"GISAID","EPI_ISL_14625256"
"GISAID","EPI_ISL_14625282"
"GISAID","EPI_ISL_14666780"
"GISAID","EPI_ISL_14676265"
"GISAID","EPI_ISL_14699907"
"GISAID","EPI_ISL_14699908"
"GISAID","EPI_ISL_14699909"
"GISAID","EPI_ISL_14699910"
"GISAID","EPI_ISL_14699911"
"GISAID","EPI_ISL_14699912"
"GISAID","EPI_ISL_14699913"
"GISAID","EPI_ISL_14699914"
"GISAID","EPI_ISL_14699915"
"GISAID","EPI_ISL_14699916"
"GISAID","EPI_ISL_14699917"
"GISAID","EPI_ISL_14699918"
"GISAID","EPI_ISL_14699919"
"GISAID","EPI_ISL_14699920"
"GISAID","EPI_ISL_14699921"
"GISAID","EPI_ISL_14699922"
"GISAID","EPI_ISL_14699923"
"GISAID","EPI_ISL_14699924"
"GISAID","EPI_ISL_14699925"
"GISAID","EPI_ISL_14699926"
"GISAID","EPI_ISL_14699927"
"GISAID","EPI_ISL_14699928"
"GISAID","EPI_ISL_14699929"
"GISAID","EPI_ISL_14699930"
"GISAID","EPI_ISL_14699931"
"GISAID","EPI_ISL_14699932"
"GISAID","EPI_ISL_14699933"
"GISAID","EPI_ISL_14699934"
"GISAID","EPI_ISL_14699935"
"GISAID","EPI_ISL_14699936"
"GISAID","EPI_ISL_14699937"
"GISAID","EPI_ISL_14699938"
"GISAID","EPI_ISL_14699939"
"GISAID","EPI_ISL_14699940"
"GISAID","EPI_ISL_14699941"
"GISAID","EPI_ISL_14699942"
"GISAID","EPI_ISL_14699943"
"GISAID","EPI_ISL_14699944"
"GISAID","EPI_ISL_14699945"
"GISAID","EPI_ISL_14699946"
"GISAID","EPI_ISL_14699947"
"GISAID","EPI_ISL_14699948"
"GISAID","EPI_ISL_14699949"
"GISAID","EPI_ISL_14699950"
"GISAID","EPI_ISL_14699951"
"GISAID","EPI_ISL_14699952"
"GISAID","EPI_ISL_14699953"
"GISAID","EPI_ISL_14699954"
"GISAID","EPI_ISL_14699955"
"GISAID","EPI_ISL_14699956"
"GISAID","EPI_ISL_14699957"
"GISAID","EPI_ISL_14699958"
"GISAID","EPI_ISL_14707250"
"GISAID","EPI_ISL_14721255"
"GISAID","EPI_ISL_14721256"
"GISAID","EPI_ISL_14721257"
"GISAID","EPI_ISL_14721258"
"GISAID","EPI_ISL_14721259"
"GISAID","EPI_ISL_14721260"
"GISAID","EPI_ISL_14721261"
"GISAID","EPI_ISL_14721262"
"GISAID","EPI_ISL_14721263"
"GISAID","EPI_ISL_14721264"
"GISAID","EPI_ISL_14721265"
"GISAID","EPI_ISL_14736400"
"GISAID","EPI_ISL_14736402"
"GISAID","EPI_ISL_14736403"
"GISAID","EPI_ISL_14752090"
"GISAID","EPI_ISL_14752091"
"GISAID","EPI_ISL_14752093"
"GISAID","EPI_ISL_14752094"
"GISAID","EPI_ISL_14752096"
"GISAID","EPI_ISL_14752098"
"GISAID","EPI_ISL_14752100"
"GISAID","EPI_ISL_14752106"
"GISAID","EPI_ISL_14752108"
"GISAID","EPI_ISL_14752109"
"GISAID","EPI_ISL_14752111"
"GISAID","EPI_ISL_14752113"
"GISAID","EPI_ISL_14752124"
"GISAID","EPI_ISL_14752126"
"GISAID","EPI_ISL_14752127"
"GISAID","EPI_ISL_14752128"
"GISAID","EPI_ISL_14752129"
"GISAID","EPI_ISL_14752130"
"GISAID","EPI_ISL_14752131"
"GISAID","EPI_ISL_14752132"
"GISAID","EPI_ISL_14752133"
"GISAID","EPI_ISL_14752145"
"GISAID","EPI_ISL_14752146"
"GISAID","EPI_ISL_14752148"
"GISAID","EPI_ISL_14752156"
"GISAID","EPI_ISL_14752165"
"GISAID","EPI_ISL_14752167"
"GISAID","EPI_ISL_14752169"
"GISAID","EPI_ISL_14752173"
"GISAID","EPI_ISL_14752177"
"GISAID","EPI_ISL_14752178"
"GISAID","EPI_ISL_14752180"
"GISAID","EPI_ISL_14752182"
"GISAID","EPI_ISL_14752186"
"GISAID","EPI_ISL_14752189"
"GISAID","EPI_ISL_14752191"
"GISAID","EPI_ISL_14752193"
"GISAID","EPI_ISL_14752195"
"GISAID","EPI_ISL_14752197"
"GISAID","EPI_ISL_14752201"
"GISAID","EPI_ISL_14752202"
"GISAID","EPI_ISL_14752204"
"GISAID","EPI_ISL_14752206"
"GISAID","EPI_ISL_14752208"
"GISAID","EPI_ISL_14752210"
"GISAID","EPI_ISL_14752211"
"GISAID","EPI_ISL_14752212"
"GISAID","EPI_ISL_14752213"
"GISAID","EPI_ISL_14752216"
"GISAID","EPI_ISL_14752218"
"GISAID","EPI_ISL_14752219"
"GISAID","EPI_ISL_14752220"
"GISAID","EPI_ISL_14752222"
"GISAID","EPI_ISL_14752224"
"GISAID","EPI_ISL_14752227"
"GISAID","EPI_ISL_14752229"
"GISAID","EPI_ISL_14752231"
"GISAID","EPI_ISL_14752233"
"GISAID","EPI_ISL_14752234"
"GISAID","EPI_ISL_14752238"
"GISAID","EPI_ISL_14752240"
"GISAID","EPI_ISL_14752242"
"GISAID","EPI_ISL_14752244"
"GISAID","EPI_ISL_14752248"
"GISAID","EPI_ISL_14752249"
"GISAID","EPI_ISL_14752255"
"GISAID","EPI_ISL_14752257"
"GISAID","EPI_ISL_14752259"
"GISAID","EPI_ISL_14752260"
"GISAID","EPI_ISL_14752261"
"GISAID","EPI_ISL_14752262"
"GISAID","EPI_ISL_14752263"
"GISAID","EPI_ISL_14752264"
"GISAID","EPI_ISL_14752265"
"GISAID","EPI_ISL_14752267"
"GISAID","EPI_ISL_14752269"
"GISAID","EPI_ISL_14752270"
"GISAID","EPI_ISL_14752272"
"GISAID","EPI_ISL_14752274"
"GISAID","EPI_ISL_14752276"
"GISAID","EPI_ISL_14752278"
"GISAID","EPI_ISL_14752280"
"GISAID","EPI_ISL_14752282"
"GISAID","EPI_ISL_14752284"
"GISAID","EPI_ISL_14752286"
"GISAID","EPI_ISL_14752288"
"GISAID","EPI_ISL_14752290"
"GISAID","EPI_ISL_14752291"
"GISAID","EPI_ISL_14752293"
"GISAID","EPI_ISL_14772317"
"GISAID","EPI_ISL_14772318"
"GISAID","EPI_ISL_14772912"
"GISAID","EPI_ISL_14772913"
"GISAID","EPI_ISL_14772914"
"GISAID","EPI_ISL_14773001"
"GISAID","EPI_ISL_14783237"
"GISAID","EPI_ISL_14786290"
"GISAID","EPI_ISL_14786346"
"GISAID","EPI_ISL_14793992"
"GISAID","EPI_ISL_14795058"
"GISAID","EPI_ISL_14795084"
"GISAID","EPI_ISL_14795085"
"GISAID","EPI_ISL_14795259"
"GISAID","EPI_ISL_14804638"
"GISAID","EPI_ISL_14804639"
"GISAID","EPI_ISL_14804640"
"GISAID","EPI_ISL_14804641"
"GISAID","EPI_ISL_14804642"
"GISAID","EPI_ISL_14804643"
"GISAID","EPI_ISL_14804644"
"GISAID","EPI_ISL_14804645"
"GISAID","EPI_ISL_14804646"
"GISAID","EPI_ISL_14804647"
"GISAID","EPI_ISL_14809096"
"GISAID","EPI_ISL_14809097"
"GISAID","EPI_ISL_14809098"
"GISAID","EPI_ISL_14809099"
"GISAID","EPI_ISL_14809100"
"GISAID","EPI_ISL_14810370"
"GISAID","EPI_ISL_14810404"
"GISAID","EPI_ISL_14810405"
"GISAID","EPI_ISL_14810406"
"GISAID","EPI_ISL_14810407"
"GISAID","EPI_ISL_14818585"
"GISAID","EPI_ISL_14818587"
"GISAID","EPI_ISL_14818589"
"GISAID","EPI_ISL_14818590"
"GISAID","EPI_ISL_14818595"
"GISAID","EPI_ISL_14818600"
"GISAID","EPI_ISL_14818602"
"GISAID","EPI_ISL_14818603"
"GISAID","EPI_ISL_14818604"
"GISAID","EPI_ISL_14818611"
"GISAID","EPI_ISL_14818612"
"GISAID","EPI_ISL_14818615"
"GISAID","EPI_ISL_14818783"
"GISAID","EPI_ISL_14818784"
"GISAID","EPI_ISL_14818785"
"GISAID","EPI_ISL_14818786"
"GISAID","EPI_ISL_14818787"
"GISAID","EPI_ISL_14818788"
"GISAID","EPI_ISL_14818789"
"GISAID","EPI_ISL_14818790"
"GISAID","EPI_ISL_14818791"
"GISAID","EPI_ISL_14818792"
"GISAID","EPI_ISL_14818793"
"GISAID","EPI_ISL_14818794"
"GISAID","EPI_ISL_14818795"
"GISAID","EPI_ISL_14818796"
"GISAID","EPI_ISL_14818797"
"GISAID","EPI_ISL_14818798"
"GISAID","EPI_ISL_14818799"
"GISAID","EPI_ISL_14818800"
"GISAID","EPI_ISL_14818801"
"GISAID","EPI_ISL_14818802"
"GISAID","EPI_ISL_14818803"
"GISAID","EPI_ISL_14818804"
"GISAID","EPI_ISL_14818805"
"GISAID","EPI_ISL_14818806"
"GISAID","EPI_ISL_14818807"
"GISAID","EPI_ISL_14818808"
"GISAID","EPI_ISL_14818809"
"GISAID","EPI_ISL_14818810"
"GISAID","EPI_ISL_14818811"
"GISAID","EPI_ISL_14818812"
"GISAID","EPI_ISL_14818813"
"GISAID","EPI_ISL_14818814"
"GISAID","EPI_ISL_14818815"
"GISAID","EPI_ISL_14818816"
"GISAID","EPI_ISL_14818817"
"GISAID","EPI_ISL_14818818"
"GISAID","EPI_ISL_14818819"
"GISAID","EPI_ISL_14818820"
"GISAID","EPI_ISL_14818821"
"GISAID","EPI_ISL_14818822"
"GISAID","EPI_ISL_14838586"
"GISAID","EPI_ISL_14838587"
"GISAID","EPI_ISL_14838588"
"GISAID","EPI_ISL_14838589"
"GISAID","EPI_ISL_14842151"
"GISAID","EPI_ISL_14842152"
"GISAID","EPI_ISL_14842153"
"GISAID","EPI_ISL_14842154"
"GISAID","EPI_ISL_14842155"
"GISAID","EPI_ISL_14842156"
"GISAID","EPI_ISL_14842157"
"GISAID","EPI_ISL_14842158"
"GISAID","EPI_ISL_14842159"
"GISAID","EPI_ISL_14842160"
"GISAID","EPI_ISL_14842161"
"GISAID","EPI_ISL_14842162"
"GISAID","EPI_ISL_14842163"
"GISAID","EPI_ISL_14842164"
"GISAID","EPI_ISL_14842165"
"GISAID","EPI_ISL_14842166"
"GISAID","EPI_ISL_14842167"
"GISAID","EPI_ISL_14842168"
"GISAID","EPI_ISL_14863040"
"GISAID","EPI_ISL_14863044"
"GISAID","EPI_ISL_14863048"
"GISAID","EPI_ISL_14863050"
"GISAID","EPI_ISL_14863051"
"GISAID","EPI_ISL_14863052"
"GISAID","EPI_ISL_14863053"
"GISAID","EPI_ISL_14863054"
"GISAID","EPI_ISL_14863055"
"GISAID","EPI_ISL_14863056"
"GISAID","EPI_ISL_14863057"
"GISAID","EPI_ISL_14863058"
"GISAID","EPI_ISL_14863059"
"GISAID","EPI_ISL_14863060"
"GISAID","EPI_ISL_14863061"
"GISAID","EPI_ISL_14863062"
"GISAID","EPI_ISL_14863063"
"GISAID","EPI_ISL_14863064"
"GISAID","EPI_ISL_14863065"
"GISAID","EPI_ISL_14863066"
"GISAID","EPI_ISL_14865785"
"GISAID","EPI_ISL_14866481"
"GISAID","EPI_ISL_14866750"
"GISAID","EPI_ISL_14866751"
"GISAID","EPI_ISL_14866752"
"GISAID","EPI_ISL_14887952"
"GISAID","EPI_ISL_14887955"
"GISAID","EPI_ISL_14887956"
"GISAID","EPI_ISL_14887957"
"GISAID","EPI_ISL_14887958"
"GISAID","EPI_ISL_14887960"
"GISAID","EPI_ISL_14887961"
"GISAID","EPI_ISL_14887962"
"GISAID","EPI_ISL_14887963"
"GISAID","EPI_ISL_14887966"
"GISAID","EPI_ISL_14887968"
"GISAID","EPI_ISL_14887969"
"GISAID","EPI_ISL_14887971"
"GISAID","EPI_ISL_14887972"
"GISAID","EPI_ISL_14910857"
"GISAID","EPI_ISL_14910858"
"GISAID","EPI_ISL_14910860"
"GISAID","EPI_ISL_14910862"
"GISAID","EPI_ISL_14910863"
"GISAID","EPI_ISL_14910864"
"GISAID","EPI_ISL_14910865"
"GISAID","EPI_ISL_14910866"
"GISAID","EPI_ISL_14910867"
"GISAID","EPI_ISL_14910868"
"GISAID","EPI_ISL_14910869"
"GISAID","EPI_ISL_14910870"
"GISAID","EPI_ISL_14910871"
"GISAID","EPI_ISL_14910872"
"GISAID","EPI_ISL_14910873"
"GISAID","EPI_ISL_14910874"
"GISAID","EPI_ISL_14910875"
"GISAID","EPI_ISL_14910876"
"GISAID","EPI_ISL_14910877"
"GISAID","EPI_ISL_14910878"
"GISAID","EPI_ISL_14910879"
"GISAID","EPI_ISL_14910880"
"GISAID","EPI_ISL_14910881"
"GISAID","EPI_ISL_14910882"
"GISAID","EPI_ISL_14910883"
"GISAID","EPI_ISL_14910884"
"GISAID","EPI_ISL_14910885"
"GISAID","EPI_ISL_14910886"
"GISAID","EPI_ISL_14917565"
"GISAID","EPI_ISL_14917569"
"GISAID","EPI_ISL_14917571"
"GISAID","EPI_ISL_14917576"
"GISAID","EPI_ISL_14917579"
"GISAID","EPI_ISL_14917580"
"GISAID","EPI_ISL_14917581"
"GISAID","EPI_ISL_14917584"
"GISAID","EPI_ISL_14917587"
"GISAID","EPI_ISL_14923900"
"GISAID","EPI_ISL_14923901"
"GISAID","EPI_ISL_14923902"
"GISAID","EPI_ISL_14923903"
"GISAID","EPI_ISL_14923904"
"GISAID","EPI_ISL_14923905"
"GISAID","EPI_ISL_14934116"
"GISAID","EPI_ISL_14934140"
"GISAID","EPI_ISL_14934382"
"GISAID","EPI_ISL_14934478"
"GISAID","EPI_ISL_14934480"
"GISAID","EPI_ISL_14934481"
"GISAID","EPI_ISL_14934482"
"GISAID","EPI_ISL_14934483"
"GISAID","EPI_ISL_14934484"
"GISAID","EPI_ISL_14934485"
"GISAID","EPI_ISL_14934486"
"GISAID","EPI_ISL_14934487"
"GISAID","EPI_ISL_14934488"
"GISAID","EPI_ISL_14934489"
"GISAID","EPI_ISL_14934490"
"GISAID","EPI_ISL_14934491"
"GISAID","EPI_ISL_14934492"
"GISAID","EPI_ISL_14934493"
"GISAID","EPI_ISL_14934494"
"GISAID","EPI_ISL_14934495"
"GISAID","EPI_ISL_14934496"
"GISAID","EPI_ISL_14934497"
"GISAID","EPI_ISL_14934498"
"GISAID","EPI_ISL_14934499"
"GISAID","EPI_ISL_14934500"
"GISAID","EPI_ISL_14934501"
"GISAID","EPI_ISL_14934502"
"GISAID","EPI_ISL_14934503"
"GISAID","EPI_ISL_14934508"
"GISAID","EPI_ISL_14934509"
"GISAID","EPI_ISL_14934510"
"GISAID","EPI_ISL_14934511"
"GISAID","EPI_ISL_14934512"
"GISAID","EPI_ISL_14934513"
"GISAID","EPI_ISL_14934514"
"GISAID","EPI_ISL_14934515"
"GISAID","EPI_ISL_14934516"
"GISAID","EPI_ISL_14934517"
"GISAID","EPI_ISL_14934518"
"GISAID","EPI_ISL_14934519"
"GISAID","EPI_ISL_14934520"
"GISAID","EPI_ISL_14934521"
"GISAID","EPI_ISL_14934522"
"GISAID","EPI_ISL_14934523"
"GISAID","EPI_ISL_14934524"
"GISAID","EPI_ISL_14934525"
"GISAID","EPI_ISL_14934526"
"GISAID","EPI_ISL_14934527"
"GISAID","EPI_ISL_14934528"
"GISAID","EPI_ISL_14934529"
"GISAID","EPI_ISL_14934530"
"GISAID","EPI_ISL_14934531"
"GISAID","EPI_ISL_14934532"
"GISAID","EPI_ISL_14934533"
"GISAID","EPI_ISL_14934534"
"GISAID","EPI_ISL_14934535"
"GISAID","EPI_ISL_14934536"
"GISAID","EPI_ISL_14934537"
"GISAID","EPI_ISL_14934538"
"GISAID","EPI_ISL_14934539"
"GISAID","EPI_ISL_14934540"
"GISAID","EPI_ISL_14934541"
"GISAID","EPI_ISL_14934542"
"GISAID","EPI_ISL_14934543"
"GISAID","EPI_ISL_14934544"
"GISAID","EPI_ISL_14934545"
"GISAID","EPI_ISL_14934546"
"GISAID","EPI_ISL_14934547"
"GISAID","EPI_ISL_14934548"
"GISAID","EPI_ISL_14934549"
"GISAID","EPI_ISL_14934550"
"GISAID","EPI_ISL_14934551"
"GISAID","EPI_ISL_14934552"
"GISAID","EPI_ISL_14934553"
"GISAID","EPI_ISL_14934554"
"GISAID","EPI_ISL_14934555"
"GISAID","EPI_ISL_14934556"
"GISAID","EPI_ISL_14934557"
"GISAID","EPI_ISL_14934558"
"GISAID","EPI_ISL_14934559"
"GISAID","EPI_ISL_14934560"
"GISAID","EPI_ISL_14934561"
"GISAID","EPI_ISL_14934562"
"GISAID","EPI_ISL_14934563"
"GISAID","EPI_ISL_14934564"
"GISAID","EPI_ISL_14934565"
"GISAID","EPI_ISL_14934566"
"GISAID","EPI_ISL_14934567"
"GISAID","EPI_ISL_14934568"
"GISAID","EPI_ISL_14934569"
"GISAID","EPI_ISL_14934570"
"GISAID","EPI_ISL_14934571"
"GISAID","EPI_ISL_14934572"
"GISAID","EPI_ISL_14934573"
"GISAID","EPI_ISL_14934574"
"GISAID","EPI_ISL_14934575"
"GISAID","EPI_ISL_14934576"
"GISAID","EPI_ISL_14934578"
"GISAID","EPI_ISL_14934579"
"GISAID","EPI_ISL_14934580"
"GISAID","EPI_ISL_14934581"
"GISAID","EPI_ISL_14934582"
"GISAID","EPI_ISL_14934583"
"GISAID","EPI_ISL_14934586"
"GISAID","EPI_ISL_14934587"
"GISAID","EPI_ISL_14934588"
"GISAID","EPI_ISL_14934589"
"GISAID","EPI_ISL_14934608"
"GISAID","EPI_ISL_14934610"
"GISAID","EPI_ISL_14934611"
"GISAID","EPI_ISL_14934612"
"GISAID","EPI_ISL_14934613"
"GISAID","EPI_ISL_14934614"
"GISAID","EPI_ISL_14934615"
"GISAID","EPI_ISL_14934616"
"GISAID","EPI_ISL_14934617"
"GISAID","EPI_ISL_14934619"
"GISAID","EPI_ISL_14934620"
"GISAID","EPI_ISL_14934621"
"GISAID","EPI_ISL_14934622"
"GISAID","EPI_ISL_14934623"
"GISAID","EPI_ISL_14934624"
"GISAID","EPI_ISL_14934625"
"GISAID","EPI_ISL_14934626"
"GISAID","EPI_ISL_14934627"
"GISAID","EPI_ISL_14934628"
"GISAID","EPI_ISL_14934629"
"GISAID","EPI_ISL_14934630"
"GISAID","EPI_ISL_14934631"
"GISAID","EPI_ISL_14934632"
"GISAID","EPI_ISL_14934633"
"GISAID","EPI_ISL_14934634"
"GISAID","EPI_ISL_14934635"
"GISAID","EPI_ISL_14934636"
"GISAID","EPI_ISL_14934637"
"GISAID","EPI_ISL_14934638"
"GISAID","EPI_ISL_14934639"
"GISAID","EPI_ISL_14934640"
"GISAID","EPI_ISL_14934641"
"GISAID","EPI_ISL_14934642"
"GISAID","EPI_ISL_14934643"
"GISAID","EPI_ISL_14934644"
"GISAID","EPI_ISL_14934645"
"GISAID","EPI_ISL_14934646"
"GISAID","EPI_ISL_14934647"
"GISAID","EPI_ISL_14934648"
"GISAID","EPI_ISL_14934649"
"GISAID","EPI_ISL_14934650"
"GISAID","EPI_ISL_14934651"
"GISAID","EPI_ISL_14934652"
"GISAID","EPI_ISL_14934653"
"GISAID","EPI_ISL_14934654"
"GISAID","EPI_ISL_14934655"
"GISAID","EPI_ISL_14934656"
"GISAID","EPI_ISL_14934657"
"GISAID","EPI_ISL_14934658"
"GISAID","EPI_ISL_14934659"
"GISAID","EPI_ISL_14934660"
"GISAID","EPI_ISL_14934661"
"GISAID","EPI_ISL_14934662"
"GISAID","EPI_ISL_14934663"
"GISAID","EPI_ISL_14934664"
"GISAID","EPI_ISL_14934665"
"GISAID","EPI_ISL_14934666"
"GISAID","EPI_ISL_14934667"
"GISAID","EPI_ISL_14934668"
"GISAID","EPI_ISL_14934669"
"GISAID","EPI_ISL_14934670"
"GISAID","EPI_ISL_14934671"
"GISAID","EPI_ISL_14934672"
"GISAID","EPI_ISL_14934673"
"GISAID","EPI_ISL_14934674"
"GISAID","EPI_ISL_14934675"
"GISAID","EPI_ISL_14934676"
"GISAID","EPI_ISL_14934677"
"GISAID","EPI_ISL_14934678"
"GISAID","EPI_ISL_14934679"
"GISAID","EPI_ISL_14934680"
"GISAID","EPI_ISL_14934681"
"GISAID","EPI_ISL_14934682"
"GISAID","EPI_ISL_14934683"
"GISAID","EPI_ISL_14934684"
"GISAID","EPI_ISL_14934685"
"GISAID","EPI_ISL_14934686"
"GISAID","EPI_ISL_14934687"
"GISAID","EPI_ISL_14934688"
"GISAID","EPI_ISL_14934689"
"GISAID","EPI_ISL_14934690"
"GISAID","EPI_ISL_14934691"
"GISAID","EPI_ISL_14934692"
"GISAID","EPI_ISL_14934693"
"GISAID","EPI_ISL_14934694"
"GISAID","EPI_ISL_14934695"
"GISAID","EPI_ISL_14934696"
"GISAID","EPI_ISL_14934697"
"GISAID","EPI_ISL_14934698"
"GISAID","EPI_ISL_14934699"
"GISAID","EPI_ISL_14934700"
"GISAID","EPI_ISL_14934701"
"GISAID","EPI_ISL_14934702"
"GISAID","EPI_ISL_14934703"
"GISAID","EPI_ISL_14934704"
"GISAID","EPI_ISL_14934705"
"GISAID","EPI_ISL_14934706"
"GISAID","EPI_ISL_14934707"
"GISAID","EPI_ISL_14945299"
"GISAID","EPI_ISL_14952916"
"GISAID","EPI_ISL_14961089"
"GISAID","EPI_ISL_14961090"
"GISAID","EPI_ISL_14962734"
"GISAID","EPI_ISL_14977300"
"GISAID","EPI_ISL_14977301"
"GISAID","EPI_ISL_14977302"
"GISAID","EPI_ISL_14977303"
"GISAID","EPI_ISL_14977304"
"GISAID","EPI_ISL_14977305"
"GISAID","EPI_ISL_14977306"
"GISAID","EPI_ISL_14977307"
"GISAID","EPI_ISL_14977308"
"GISAID","EPI_ISL_14977309"
"GISAID","EPI_ISL_14977310"
"GISAID","EPI_ISL_14994740"
"GISAID","EPI_ISL_14995206"
"GISAID","EPI_ISL_14995578"
"GISAID","EPI_ISL_14995579"
"GISAID","EPI_ISL_14995580"
"GISAID","EPI_ISL_14995581"
"GISAID","EPI_ISL_14995582"
"GISAID","EPI_ISL_14995583"
"GISAID","EPI_ISL_14995585"
"GISAID","EPI_ISL_14995586"
"GISAID","EPI_ISL_14995587"
"GISAID","EPI_ISL_14995588"
"GISAID","EPI_ISL_14995589"
"GISAID","EPI_ISL_14995590"
"GISAID","EPI_ISL_14995591"
"GISAID","EPI_ISL_14995592"
"GISAID","EPI_ISL_14995593"
"GISAID","EPI_ISL_14995611"
"GISAID","EPI_ISL_14995612"
"GISAID","EPI_ISL_14995619"
"GISAID","EPI_ISL_14995622"
"GISAID","EPI_ISL_14995631"
"GISAID","EPI_ISL_14995649"
"GISAID","EPI_ISL_14995652"
"GISAID","EPI_ISL_14995653"
"GISAID","EPI_ISL_14995723"
"GISAID","EPI_ISL_14995724"
"GISAID","EPI_ISL_14997063"
"GISAID","EPI_ISL_14997064"
"GISAID","EPI_ISL_14997065"
"GISAID","EPI_ISL_14997066"
"GISAID","EPI_ISL_14997067"
"GISAID","EPI_ISL_14997068"
"GISAID","EPI_ISL_14997069"
"GISAID","EPI_ISL_14997070"
"GISAID","EPI_ISL_14997071"
"GISAID","EPI_ISL_14997072"
"GISAID","EPI_ISL_14997073"
"GISAID","EPI_ISL_14997074"
"GISAID","EPI_ISL_15005641"
"GISAID","EPI_ISL_15008573"
"GISAID","EPI_ISL_15008574"
"GISAID","EPI_ISL_15008575"
"GISAID","EPI_ISL_15008576"
"GISAID","EPI_ISL_15008577"
"GISAID","EPI_ISL_15014548"
"GISAID","EPI_ISL_15016099"
"GISAID","EPI_ISL_15016101"
"GISAID","EPI_ISL_15016104"
"GISAID","EPI_ISL_15016105"
"GISAID","EPI_ISL_15016106"
"GISAID","EPI_ISL_15016107"
"GISAID","EPI_ISL_15016108"
"GISAID","EPI_ISL_15016109"
"GISAID","EPI_ISL_15016110"
"GISAID","EPI_ISL_15016111"
"GISAID","EPI_ISL_15016112"
"GISAID","EPI_ISL_15016113"
"GISAID","EPI_ISL_15016114"
"GISAID","EPI_ISL_15016115"
"GISAID","EPI_ISL_15016116"
"GISAID","EPI_ISL_15016117"
"GISAID","EPI_ISL_15016118"
"GISAID","EPI_ISL_15016119"
"GISAID","EPI_ISL_15016120"
"GISAID","EPI_ISL_15016121"
"GISAID","EPI_ISL_15016122"
"GISAID","EPI_ISL_15016123"
"GISAID","EPI_ISL_15016124"
"GISAID","EPI_ISL_15016125"
"GISAID","EPI_ISL_15016126"
"GISAID","EPI_ISL_15016127"
"GISAID","EPI_ISL_15016128"
"GISAID","EPI_ISL_15016129"
"GISAID","EPI_ISL_15016130"
"GISAID","EPI_ISL_15016131"
"GISAID","EPI_ISL_15016132"
"GISAID","EPI_ISL_15016133"
"GISAID","EPI_ISL_15016134"
"GISAID","EPI_ISL_15016135"
"GISAID","EPI_ISL_15022589"
"GISAID","EPI_ISL_15022590"
"GISAID","EPI_ISL_15023203"
"GISAID","EPI_ISL_15023207"
"GISAID","EPI_ISL_15023211"
"GISAID","EPI_ISL_15023213"
"GISAID","EPI_ISL_15023214"
"GISAID","EPI_ISL_15023216"
"GISAID","EPI_ISL_15055820"
"NCBI","KJ642613"
"NCBI","KJ642615"
"NCBI","KJ642616"
"NCBI","KJ642617"
"NCBI","KJ642619"
"NCBI","KP849469"
"NCBI","KP849470"
"NCBI","KP849471"
"NCBI","MN346690"
"NCBI","MN346692"
"NCBI","MN346694"
"NCBI","MN346695"
"NCBI","MN346696"
"NCBI","MN346698"
"NCBI","MN346699"
"NCBI","MN346700"
"NCBI","MN346702"
"NCBI","MT903346"
"NCBI","MT903347"
"NCBI","MT903348"
"NCBI","ON563414"
